Price,Date,Close,High,Low,Open,Volume
Ticker,,NVDA,NVDA,NVDA,NVDA,NVDA
0,2021-12-27,30.893619537353516,31.035383962810204,29.59078601588562,29.61075326548385,403686000
1,2021-12-28,30.27165412902832,31.2779798761031,29.962167479204744,31.26001011350921,420591000
2,2021-12-29,29.95118522644043,30.49727786088368,29.31723936389222,30.222734856896757,343139000
3,2021-12-30,29.536876678466797,30.406430783969572,29.490953527811683,29.777475751930552,308864000
4,2021-12-31,29.362163543701172,29.980137105910405,29.282296456577313,29.624727330491215,266530000
5,2022-01-03,30.070987701416016,30.660008224026054,29.735545150472017,29.76549602429652,391547000
6,2022-01-04,29.24136734008789,30.417410867767106,28.30192980643292,30.226728022386652,527154000
7,2022-01-05,27.55816650390625,29.36715813948575,27.487285245137592,28.90093258498612,498064000
8,2022-01-06,28.131210327148438,28.39077882933045,27.020059483768947,27.59410356189902,454186000
9,2022-01-07,27.201759338378906,28.374809533146287,27.012074277608804,28.094275963122143,409939000
10,2022-01-10,27.354507446289062,27.423393129443014,25.601422412131438,26.53686698684518,594681000
11,2022-01-11,27.770814895629883,28.018404238255883,26.79443993254991,27.277635601334605,404089000
12,2022-01-12,27.95250701904297,28.54751610180547,27.562155544720017,28.020392990111265,383413000
13,2022-01-13,26.530874252319336,28.432709872765688,26.454000538070343,28.331877745975987,540171000
14,2022-01-14,26.897266387939453,27.151844065989813,26.166481411018356,26.256332132191215,395832000
15,2022-01-18,25.8599910736084,26.593771304174776,25.727212482924052,26.216398668574403,424270000
16,2022-01-19,25.02537727355957,26.49892630165534,25.010402789445816,26.03569794765368,488315000
17,2022-01-20,24.109905242919922,25.53653363787122,24.038024276244425,25.261990579927787,435181000
18,2022-01-21,23.33519172668457,24.781785297777425,23.22437596365487,23.46797032239666,718958000
19,2022-01-24,23.33319091796875,23.341177055228645,20.85331630570892,22.292921324697573,913982000
20,2022-01-25,22.286935806274414,22.904909492816067,21.9634743239716,22.50856735086577,664616000
21,2022-01-26,22.73419189453125,24.017058306689155,22.26297541590062,23.20141530364192,755959000
22,2022-01-27,21.907562255859375,23.955157166718767,21.63900792465583,23.528866154048988,573353000
23,2022-01-28,22.802078247070312,22.820048010786028,21.2606411698598,21.975451978511124,543774000
24,2022-01-31,24.445344924926758,24.46830745303142,23.01372584022643,23.143509157916917,564680000
25,2022-02-01,24.59709358215332,25.103251770657277,23.850334402918143,25.062319478076446,518925000
26,2022-02-02,25.200092315673828,25.77413652411393,24.512235152700143,25.751175898285492,543419000
27,2022-02-03,23.908239364624023,25.03536460943993,23.74051902430262,24.41739284597642,410178000
28,2022-02-04,24.278623580932617,24.594098913145782,23.592763927946162,23.93219958069796,354829000
29,2022-02-07,24.68694496154785,25.140189757444848,24.161817299723978,24.33153512640469,376868000
30,2022-02-08,25.06631088256836,25.18810805676173,23.940183536658417,24.318553961718123,410359000
31,2022-02-09,26.660661697387695,26.680628948455045,25.31090713465398,25.5794596160369,524282000
32,2022-02-10,25.781126022338867,26.880297958422666,25.557498885365437,25.95184355757572,513200000
33,2022-02-11,23.909238815307617,26.108582372962644,23.73353232397115,25.87297412376955,605472000
34,2022-02-14,24.22671127319336,24.833701652225905,23.715560277682595,23.894263948675658,440424000
35,2022-02-15,26.451011657714844,26.50092788192598,24.742851958997832,24.90757702224009,699869000
36,2022-02-16,26.466983795166016,26.537866965853834,25.509576376590644,26.21540328445348,732676000
37,2022-02-17,24.46630859375,25.742186483134226,24.124877394367978,25.587443159331453,810595000
38,2022-02-18,23.602741241455078,24.944509311881166,23.061641447709086,24.62703657778217,761255000
39,2022-02-22,23.351165771484375,24.02404653900584,22.961813884519863,22.996755622879142,633422000
40,2022-02-23,22.34982681274414,24.11489270479271,22.263971073182564,23.762478201075112,566511000
41,2022-02-24,23.70857048034668,23.760484190648757,20.855315804695255,20.980108267680137,735801000
42,2022-02-25,24.116886138916016,24.176785973879223,23.342175640290087,23.68161121205063,528866000
43,2022-02-28,24.344512939453125,24.624048730928077,23.667639149845247,23.952165801801094,477319000
44,2022-03-01,23.438018798828125,24.33652598998969,23.09359231167068,24.250668339961535,412056000
45,2022-03-02,24.183902740478516,24.372622143771075,23.38010408188159,23.720595472214217,389642000
46,2022-03-03,23.678659439086914,24.289746880511846,23.434023727575262,24.225841178728494,365095000
47,2022-03-04,22.90182113647461,23.644711894757485,22.448497224044026,23.349153472199582,431415000
48,2022-03-07,21.320178985595703,22.99867549826124,21.29821241150466,22.782995888751245,450821000
49,2022-03-08,21.48194122314453,22.339660452548646,20.61922837788055,21.27724677653785,557467000
50,2022-03-09,22.97970199584961,23.185394367769312,22.213844863846813,22.353635611315923,492742000
51,2022-03-10,22.624235153198242,22.754040584396947,21.84939060205411,22.497423605794957,428066000
52,2022-03-11,22.067068099975586,23.11051097101705,22.01314771477346,22.98769316228172,367209000
53,2022-03-14,21.2982120513916,22.228822309416955,21.127467363192725,21.836408343571552,385354000
54,2022-03-15,22.938766479492188,23.003670153349315,21.290227637769835,21.48593471619228,491996000
55,2022-03-16,24.459491729736328,24.56034103288872,23.13746559848117,23.46497586732154,671422000
56,2022-03-17,24.72909164428711,24.80497668926542,23.870372704390515,24.08405447817584,471941000
57,2022-03-18,26.413576126098633,26.529404378396535,24.58730332281658,24.762041757956382,730719000
58,2022-03-21,26.694156646728516,27.111534860017848,25.92829953534137,26.467495668789798,591727000
59,2022-03-22,26.484472274780273,27.197408923630146,26.033146211524897,26.687168866498787,547007000
60,2022-03-23,25.59579849243164,26.572339716942118,25.53688640474462,26.08706394055433,502120000
61,2022-03-24,28.10804557800293,28.277792290524687,25.86838845744835,26.127003227501213,877379000
62,2022-03-25,27.650732040405273,28.31573991417233,27.230359898742517,27.844443179935467,579016000
63,2022-03-28,28.176944732666016,28.207898670101006,27.165453931738572,27.714635402532686,425494000
64,2022-03-29,28.613298416137695,28.90286528247059,27.938305162920916,28.652239858465908,488984000
65,2022-03-30,27.64873504638672,28.45353364759291,27.46201345202391,28.26182034254667,463487000
66,2022-03-31,27.245336532592773,28.205902812313656,27.229361534418242,27.740597661621507,523440000
67,2022-04-01,26.672189712524414,27.45502167568153,26.22785322218946,27.334201718327474,517235000
68,2022-04-04,27.31922721862793,27.516932102328365,26.573340698508392,26.688169090583745,397120000
69,2022-04-05,25.892353057861328,27.27828491646394,25.781518427618543,27.21338125703642,436615000
70,2022-04-06,24.370624542236328,25.2622933065519,23.96722731524635,24.89683955279914,703833000
71,2022-04-07,24.171926498413086,24.685160497540277,23.443014769011896,24.404579094112194,557992000
72,2022-04-08,23.084550857543945,23.88735370505149,23.027636583059415,23.88136212736683,524781000
73,2022-04-11,21.88433837890625,22.286737693089428,21.627721399278116,22.18089666337446,575207000
74,2022-04-12,21.47195053100586,22.69113144468712,21.250281273972902,22.503411910795524,662258000
75,2022-04-13,22.169910430908203,22.466468701458307,21.423025967810332,21.695619837482337,516943000
76,2022-04-14,21.226322174072266,22.743059667650115,21.13146442232799,22.471463719229288,569097000
77,2022-04-18,21.750537872314453,22.05508173288565,21.047586566912127,21.16840653083351,525701000
78,2022-04-19,22.164918899536133,22.33965734015811,21.282235522822155,21.6876306095713,512781000
79,2022-04-20,21.44998550415039,22.63621474124221,21.168406183033742,22.48344288060945,468974000
80,2022-04-21,20.152921676635742,22.35862922051823,19.970193839272593,21.676646537173266,656209000
81,2022-04-22,19.485916137695312,20.455469724375096,19.47093910167444,20.272741885994805,624713000
82,2022-04-25,19.872343063354492,19.915278254714234,19.067544384147862,19.173385420548957,641566000
83,2022-04-26,18.760000228881836,19.758509922421833,18.64217605457202,19.68861454859501,653143000
84,2022-04-27,18.387557983398438,19.1384362193415,18.26274426449241,18.570283927104484,499460000
85,2022-04-28,19.752519607543945,20.00714066217904,18.462445183944375,18.938733622082346,570327000
86,2022-04-29,18.519359588623047,20.098002739892543,18.489403613134698,19.373084892727615,500435000
87,2022-05-02,19.503890991210938,19.544828350230517,18.363592711271124,18.513368785957184,572049000
88,2022-05-03,19.572790145874023,19.79545932922044,19.104489144631835,19.371091483305833,475751000
89,2022-05-04,20.30369758605957,20.369599216580077,18.723056414853783,19.89331076561568,648855000
90,2022-05-05,18.81591796875,19.895306405441634,18.47243074499455,19.837394179554046,626331000
91,2022-05-06,18.64716911315918,19.482921680420777,17.963190456897568,18.708079031615256,633297000
92,2022-05-09,16.924741744995117,18.22779542444679,16.801923943519693,18.00712599442022,644455000
93,2022-05-10,17.568777084350586,18.170879059603845,16.999626873079258,17.66263685688102,761474000
94,2022-05-11,16.605215072631836,17.726542535689873,16.543309102981745,17.321147470140332,670167000
95,2022-05-12,16.150896072387695,16.762983479288277,15.543803233517123,16.194831130494194,708728000
96,2022-05-13,17.679611206054688,17.901280469839755,16.568271003678,16.76298008035277,670437000
97,2022-05-16,17.238271713256836,17.76149097316578,17.080508137659688,17.482907432187133,521446000
98,2022-05-17,18.1499080657959,18.343619161522746,17.60771811357507,18.047060942630083,585830000
99,2022-05-18,16.912757873535156,18.09099968341527,16.838868746231114,17.67861504995723,545161000
100,2022-05-19,17.098482131958008,17.66064286749,16.709062020171626,16.91176052763978,621310000
101,2022-05-20,16.669118881225586,17.384051331884425,15.731518272471288,17.306168469695123,739105000
102,2022-05-23,16.87281608581543,16.889790947233866,16.15488781420335,16.24974554141844,639889000
103,2022-05-24,16.129920959472656,16.572261437399305,15.756478829516873,16.48539122203864,588550000
104,2022-05-25,16.949703216552734,17.085500221228898,15.976155839200233,15.996126491080718,781132000
105,2022-05-26,17.824392318725586,18.065032323111485,15.998118032197038,16.012097103783724,996575000
106,2022-05-27,18.782968521118164,18.8528639018411,18.073027617120662,18.15889990108296,738379000
107,2022-05-31,18.64417266845703,19.17138563045664,18.322652065266066,18.951712293286153,664100000
108,2022-06-01,18.29269790649414,19.02460533881964,18.094993026120378,18.696097070599446,544514000
109,2022-06-02,19.562801361083984,19.589761549956243,18.17087971947534,18.26473949541427,648656000
110,2022-06-03,18.692102432250977,19.303191835749494,18.494397541135466,19.053564390265077,598779000
111,2022-06-06,18.75800323486328,19.30818269463839,18.536333951166615,19.110477812247268,422406000
112,2022-06-07,18.897794723510742,18.971683845334045,18.16089371411616,18.44447085825736,388914000
113,2022-06-08,18.624147415161133,19.155466504120323,18.511291088726814,18.774953336248583,363252000
114,2022-06-09,18.02491569519043,18.908783947579096,18.017924679153044,18.45736242210024,395574000
115,2022-06-10,16.952289581298828,17.6743643693501,16.84742243847972,17.57748831959245,465248000
116,2022-06-13,15.626984596252441,16.291133887019768,15.586036677903218,15.979532724583532,604153000
117,2022-06-14,15.815744400024414,16.0454497467336,15.392286005057903,15.7108782116691,469680000
118,2022-06-15,16.505857467651367,16.846420830791708,15.90562554096348,16.074409011946962,563936000
119,2022-06-16,15.581042289733887,15.921606622517551,15.38129832975535,15.839710789340169,545749000
120,2022-06-17,15.859687805175781,15.974540478630246,15.308393829648995,15.627984208810798,630334000
121,2022-06-21,16.54480743408203,16.986241428517147,16.386010443363755,16.453924244773127,483089000
122,2022-06-22,16.339073181152344,16.64068691370497,16.159303129246847,16.205243814426826,437135000
123,2022-06-23,16.204242706298828,16.563780840059035,15.832717936177612,16.49786529329701,463680000
124,2022-06-24,17.10409164428711,17.11807367434373,16.289135497585058,16.478892980431134,472153000
125,2022-06-27,16.84741973876953,17.307830444412946,16.604730567119148,17.289853821496003,427968000
126,2022-06-28,15.961557388305664,17.179996171072997,15.924604060610628,16.878382420849093,461149000
127,2022-06-29,15.522120475769043,15.799764771761314,15.150596549724442,15.793772880514238,482352000
128,2022-06-30,15.139609336853027,15.547087424607616,14.842989321297038,15.3413506076322,686070000
129,2022-07-01,14.504423141479492,15.043732379973727,14.373591140180935,14.879942597169714,577610000
130,2022-07-05,14.94485855102539,14.951849566498286,14.03702185442208,14.156868242152196,651397000
131,2022-07-06,15.110644340515137,15.299402682788886,14.770080024788033,14.990797970530307,529066000
132,2022-07-07,15.837714195251465,15.924602797885598,15.369314278773492,15.436228960750793,492903000
133,2022-07-08,15.817740440368652,16.016486239108836,15.369314439847894,15.410262358682392,467972000
134,2022-07-11,15.13261604309082,15.507136294948447,15.018761566501473,15.506137170436222,437321000
135,2022-07-12,15.062707901000977,15.411261460861052,14.857970199382459,15.248469852801644,458483000
136,2022-07-13,15.144600868225098,15.355331386426403,14.446495664890769,14.571335757463341,521918000
137,2022-07-14,15.352336883544922,15.453207523316262,14.709160592903123,15.088674636041837,456235000
138,2022-07-15,15.741838455200195,15.761812377347288,15.42524355043784,15.638970517874727,385935000
139,2022-07-18,16.08040428161621,16.87538560794433,15.981531892512702,16.281147386357773,670517000
140,2022-07-19,16.970264434814453,17.08811351984662,16.151313682532283,16.4649111912205,702366000
141,2022-07-20,17.784217834472656,17.910057992754975,16.77950624664749,16.92531937021326,760538000
142,2022-07-21,18.02691078186035,18.12079040565536,17.522557585137648,17.86212283032261,557049000
143,2022-07-22,17.296844482421875,17.944014323645654,17.115076197980883,17.870109584317234,536671000
144,2022-07-25,17.00222396850586,17.102096434784116,16.627703648644037,16.997229297492076,480748000
145,2022-07-26,16.511850357055664,16.89735622907828,16.45692041350708,16.867393922167626,397865000
146,2022-07-27,17.76724624633789,17.91305941057788,16.89136718367346,17.010214456123137,569776000
147,2022-07-28,17.96099281311035,18.11679338372319,17.417690017555582,17.952005454270516,474646000
148,2022-07-29,18.139768600463867,18.220664372063823,17.669370365625227,17.7902158893149,435460000
149,2022-08-01,18.41741180419922,18.821894447933598,17.96698847222425,18.158742318074168,476469000
150,2022-08-02,18.50229835510254,18.91377192981758,18.068853565515926,18.098815871629586,489527000
151,2022-08-03,18.868831634521484,18.943736456130186,18.113798195162644,18.160738956417962,418146000
152,2022-08-04,19.190420150756836,19.24934469266295,18.73600226706478,18.82488911846695,409652000
153,2022-08-05,18.96470832824707,19.204401075695394,18.642121577047934,18.785936463553476,386068000
154,2022-08-08,17.77024269104004,18.215673325332265,17.21994870988423,17.479616408256764,981859000
155,2022-08-09,17.06414222717285,17.424680458823445,16.702605823441477,17.229930228192647,668263000
156,2022-08-10,18.0738525390625,18.094825586863212,17.294849538802495,17.675362725939976,597422000
157,2022-08-11,17.91904640197754,18.683069039911533,17.85313085040459,18.10780569801878,509327000
158,2022-08-12,18.685068130493164,18.69405739540062,17.930034645168146,18.13677059385988,478094000
159,2022-08-15,19.007652282714844,19.139483386937393,18.589189582209208,18.67707635005471,457666000
160,2022-08-16,18.85485076904297,19.117514842080695,18.477334026043657,18.89579868992092,451240000
161,2022-08-17,18.311542510986328,18.664091546407597,18.121786955832963,18.499303626941938,446799000
162,2022-08-18,18.748985290527344,18.840866654371816,18.159739897692198,18.277588976259224,415447000
163,2022-08-19,17.826168060302734,18.496309228576987,17.74726864658189,18.38245474008907,441588000
164,2022-08-22,17.01220703125,17.535536791270996,16.944293238269083,17.46762299829008,409593000
165,2022-08-23,17.15902328491211,17.442660412531936,16.948292736194578,16.967269438805413,369986000
166,2022-08-24,17.199966430664062,17.38373103775155,16.873385127154208,16.990234112458847,522661000
167,2022-08-25,17.890087127685547,17.92404403363218,16.811468659657514,16.82245426924992,770691000
168,2022-08-26,16.239200592041016,17.901071577210672,16.216229297175428,17.83415784682312,769127000
169,2022-08-29,15.780786514282227,16.317099270118273,15.746830564366475,15.999507178014051,496132000
170,2022-08-30,15.448214530944824,16.018483283326994,15.162580116180813,15.939584816154346,530181000
171,2022-08-31,15.074691772460938,15.520121352878855,14.93986423449081,15.364320769329515,573710000
172,2022-09-01,13.919172286987305,14.361605448465777,13.253025685582315,14.19082370889168,1178865000
173,2022-09-02,13.629541397094727,14.152870247238154,13.573612330533487,14.081961932540668,743157000
174,2022-09-06,13.447775840759277,13.76137430420671,13.3339213485494,13.713435370127943,535751000
175,2022-09-07,13.700528144836426,13.824406885325965,13.332889609911014,13.54967645303021,512657000
176,2022-09-08,13.9762544631958,13.994237380154477,13.35586526471123,13.445776038555321,624873000
177,2022-09-09,14.3728666305542,14.459781057076496,14.112123350987309,14.14309208176699,486612000
178,2022-09-12,14.490750312805176,14.532708868820372,14.18405175144006,14.354884240164326,484159000
179,2022-09-13,13.1181001663208,13.90832348360054,13.086132013496666,13.788441481403845,714956000
180,2022-09-14,13.115102767944336,13.276943315177288,12.90031384041556,13.240978431546392,588507000
181,2022-09-15,12.916296005249023,13.219997199049912,12.777432646121927,13.002211944648574,523625000
182,2022-09-16,13.185032844543457,13.199019028489001,12.604603352591354,12.729480539383623,670751000
183,2022-09-19,13.368852615356445,13.449773363387544,12.997218351690218,12.999216241943014,569685000
184,2022-09-20,13.163054466247559,13.469753004503728,13.044171899828667,13.202016660138412,524818000
185,2022-09-21,13.247973442077637,14.017217530859263,13.097121746028026,13.200021209697727,807679000
186,2022-09-22,12.548659324645996,13.136081941705834,12.41579056966854,13.057159082643576,759162000
187,2022-09-23,12.503704071044922,12.598611009775242,12.244958688047188,12.40779866349174,663309000
188,2022-09-26,12.215987205505371,12.646564510699525,12.202001019731137,12.478729328671262,547343000
189,2022-09-27,12.400806427001953,12.723489088227405,12.245958955135906,12.494713950655878,553854000
190,2022-09-28,12.723488807678223,12.81040323622313,12.341864097176456,12.39780884148353,542414000
191,2022-09-29,12.20799446105957,12.487719102181986,11.934263490657965,12.435770144985517,532763000
192,2022-09-30,12.1270751953125,12.620590348980338,12.063137936124715,12.075126231768516,565638000
193,2022-10-03,12.49970817565918,12.665545461526479,12.093107475187667,12.334870311343003,547478000
194,2022-10-04,13.154064178466797,13.207012559438093,12.866347011223944,12.866347011223944,584182000
195,2022-10-05,13.196022033691406,13.307912460679528,12.608600388400154,12.898315430604638,507131000
196,2022-10-06,13.117100715637207,13.6425839766056,13.090126814611668,13.20701244873915,644157000
197,2022-10-07,12.06413745880127,12.657553810822087,12.010190604320966,12.492715935260748,672478000
198,2022-10-10,11.658534049987793,12.112087505034498,11.396791386787234,12.02517309111401,698699000
199,2022-10-11,11.574617385864258,11.83436121602058,11.271914628734839,11.549641376314474,667482000
200,2022-10-12,11.488702774047852,11.723471574705954,11.333855307772826,11.567625639575176,492590000
201,2022-10-13,11.948249816894531,12.066133917105926,10.802376385979748,10.960221149682935,850103000
202,2022-10-14,11.215970039367676,12.099101360094153,11.192992872469286,12.045154512588761,713432000
203,2022-10-17,11.876321792602539,11.936263272999195,11.505686894003038,11.506685362912767,580774000
204,2022-10-18,11.955244064331055,12.479727942429879,11.606586932037441,12.331873568497944,659362000
205,2022-10-19,12.03916072845459,12.337867729907991,11.822373901829256,11.867329770007487,523131000
206,2022-10-20,12.182022094726562,12.756457082481896,12.09310881808748,12.101101333171759,652398000
207,2022-10-21,12.453752517700195,12.485721620803472,11.875321830125262,12.086114024805545,609494000
208,2022-10-24,12.586623191833496,12.697514210569755,12.052148908215925,12.49571298316096,517457000
209,2022-10-25,13.247973442077637,13.286935643169933,12.651559751314032,12.68153096838119,505482000
210,2022-10-26,12.883330345153809,13.374846610546708,12.695515318512095,12.856357396980739,532953000
211,2022-10-27,13.163054466247559,13.824404719014069,13.109107619330288,13.61660889222912,583113000
212,2022-10-28,13.820408821105957,13.836393849315009,13.048168468869736,13.091126445798928,521040000
213,2022-10-31,13.48374080657959,13.824406377678716,13.283937469443536,13.76446490016917,486341000
214,2022-11-01,13.529695510864258,13.911320201687651,13.505718920901153,13.797431875731613,432817000
215,2022-11-02,13.206012725830078,14.196039283406016,13.198021164773332,13.836393311943423,672628000
216,2022-11-03,13.407814979553223,13.767461931810212,12.94327258745035,13.030187013515803,500065000
217,2022-11-04,14.14209270477295,14.215020940860802,13.683543058228718,13.97225964349544,612576000
218,2022-11-07,14.286949157714844,14.397840163118381,13.940290909973553,14.214020924678044,410061000
219,2022-11-08,14.587654113769531,14.87636973597791,14.202032717098279,14.786458006428978,595292000
220,2022-11-09,13.762465476989746,14.19703852050777,13.745481980858695,14.148085922352854,454414000
221,2022-11-10,15.734527587890625,15.75750475697818,14.532709316866073,14.785461035041537,700819000
222,2022-11-11,16.310958862304688,16.372898223497447,15.466789736183367,15.79147024259444,655487000
223,2022-11-14,16.278993606567383,16.523753783112973,15.90635985715969,16.202069578516642,527852000
224,2022-11-15,16.64962387084961,16.981296464247627,16.365902541148422,16.70556859972459,545876000
225,2022-11-16,15.894371032714844,16.34592668576665,15.857407676049982,16.146124294354564,649547000
226,2022-11-17,15.661598205566406,16.250020244801327,15.519737515039019,15.699560979242039,710894000
227,2022-11-18,15.3938627243042,15.986280577672968,15.105146124806899,15.950314739510146,492072000
228,2022-11-21,15.301952362060547,15.461795019293843,15.065184735299118,15.13211930056582,404739000
229,2022-11-22,16.022241592407227,16.04222239825048,15.107141263911037,15.312939181505152,472866000
230,2022-11-23,16.50277328491211,16.510766753109266,16.03223716020703,16.082187285432365,427241000
231,2022-11-25,16.254016876220703,16.470802751197535,16.156113577844067,16.301970056581666,167934000
232,2022-11-28,15.811450958251953,16.34093096346319,15.709551881196315,16.01025486285479,303741000
233,2022-11-29,15.623635292053223,15.916347653150785,15.50475272274018,15.811450315725434,298384000
234,2022-11-30,16.91069984436035,16.917694725911424,15.58566343466165,15.68559017782251,565298000
235,2022-12-01,17.122547149658203,17.252451831882265,16.62291053101383,16.98664630958862,470977000
236,2022-12-02,16.86373519897461,16.920694888593207,16.433048662460127,16.64689384418432,371389000
237,2022-12-05,16.59792709350586,16.9826474725034,16.460026915348557,16.66687718258451,352255000
238,2022-12-06,15.975379943847656,16.560953485378082,15.807501837446898,16.517985472813457,352694000
239,2022-12-07,16.1082820892334,16.174234093994404,15.655610384850744,15.760534548596539,372388000
240,2022-12-08,17.156522750854492,17.166515711893183,15.947401148647057,16.26117402618214,515456000
241,2022-12-09,16.988643646240234,17.57022139839812,16.96266347235166,17.14752848636197,465338000
242,2022-12-12,17.522254943847656,17.52525302257886,16.784792378690156,17.024617711601017,457328000
243,2022-12-13,18.058866500854492,18.77634509903721,17.698128800135795,18.517532552181468,656589000
244,2022-12-14,17.66115379333496,18.238734707198045,17.407338697858034,17.97392602109033,496888000
245,2022-12-15,16.93967628479004,17.307408795007476,16.68786057585801,17.133535499041436,478542000
246,2022-12-16,16.558956146240234,17.02861579282903,16.39807385463352,16.851744382109782,478232000
247,2022-12-19,16.2421817779541,16.59692320769069,16.133261776636918,16.559951359902517,354039000
248,2022-12-20,16.073307037353516,16.298143867986333,15.840477554245314,16.052322393558597,403260000
249,2022-12-21,16.489004135131836,16.614913897133526,16.090294018377687,16.102286331883608,325025000
250,2022-12-22,15.327851295471191,16.12627131825596,14.87118366618108,16.08230267249462,565045000
251,2022-12-23,15.194948196411133,15.32785094900713,14.872183007276343,15.18495523596569,349326000
252,2022-12-27,14.110736846923828,15.089025380412426,14.045783556635216,15.063044254893216,464902000
253,2022-12-28,14.025798797607422,14.251634371646812,13.873908845237606,13.916877813656033,351066000
254,2022-12-29,14.592386245727539,14.672328025591518,14.216660070963075,14.391533071783474,354923000
255,2022-12-30,14.603378295898438,14.618366783406367,14.22265470311372,14.323581124655862,310490000
256,2023-01-03,14.304595947265625,14.985101729677936,14.08575524591438,14.840206653095452,401277000
257,2023-01-04,14.738279342651367,14.842203842142059,14.230649159888065,14.556412421523799,431324000
258,2023-01-05,14.254631996154785,14.553414458065303,14.137716456811608,14.480467562996974,389168000
259,2023-01-06,14.848200798034668,14.999091075258514,14.023800592335236,14.463480384381203,405044000
260,2023-01-09,15.6166410446167,16.044329449566135,15.129994555598975,15.272891218307487,504231000
261,2023-01-10,15.897438049316406,15.95039902678866,15.460755377830544,15.495729788044525,384101000
262,2023-01-11,15.98936939239502,16.016350194833073,15.551688019813112,15.828487113940936,353285000
263,2023-01-12,16.49899673461914,16.624904587913164,15.480737460195794,16.08829621927698,551409000
264,2023-01-13,16.886720657348633,16.909704661241996,16.153254759158823,16.2661716118546,447287000
265,2023-01-17,17.689136505126953,17.715118588078184,16.886720508302066,16.886720508302066,511102000
266,2023-01-18,17.36437225341797,17.860010174300744,17.2694400738677,17.654160507822112,439624000
267,2023-01-19,16.75281524658203,17.184502399032052,16.718841465968847,17.02361820294008,452932000
268,2023-01-20,17.826032638549805,17.84302047861815,16.812769826942578,16.998633531637406,564967000
269,2023-01-23,19.179052352905273,19.23101460784554,17.80505162894163,18.05087123311822,655163000
270,2023-01-24,19.250995635986328,19.480829897211883,18.80631941203174,18.81331429322704,496204000
271,2023-01-25,19.308956146240234,19.3559228713677,18.56649612243926,18.89925428356879,449537000
272,2023-01-26,19.787607192993164,20.151342944040152,19.26398788855709,19.686680771389888,489535000
273,2023-01-27,20.35019874572754,20.6130080885657,19.390897376500842,19.44785515673825,542142000
274,2023-01-30,19.1480712890625,20.125359089335838,19.136078975337725,19.935498577673442,488611000
275,2023-01-31,19.52280044555664,19.672691038847766,18.93622720547809,19.156066615240924,498017000
276,2023-02-01,20.927780151367188,21.176597829811747,19.59674747059233,19.676689253145742,660477000
277,2023-02-02,21.693222045898438,21.933047390854806,20.68495649158275,20.984737696287606,564276000
278,2023-02-03,21.08466339111328,21.72919501638303,20.77388862479516,20.984735697077607,429366000
279,2023-02-06,21.073673248291016,21.55432265187495,20.77089206544155,20.79087798690296,452197000
280,2023-02-07,22.156885147094727,22.24282308505221,21.134627940022476,21.366459674668576,664150000
281,2023-02-08,22.188858032226562,22.861369131332587,21.99200073790789,22.370724934718577,559651000
282,2023-02-09,22.320764541625977,23.00326867631639,22.103923210549823,22.589570028898493,523876000
283,2023-02-10,21.249542236328125,22.061951006496415,20.795873674211233,21.67423445489489,550737000
284,2023-02-13,21.77216148376465,22.031972707432736,20.946761724793525,21.522343219387118,474919000
285,2023-02-14,22.954303741455078,23.032246161233104,21.350468919181104,21.562314716019458,675474000
286,2023-02-15,22.747453689575195,22.83838714884149,22.089932924302804,22.532609812077492,420575000
287,2023-02-16,21.986005783081055,22.533605827252206,21.911059544234035,22.116909161094686,412026000
288,2023-02-17,21.372453689575195,21.72419710641856,20.959753789860155,21.615277084948126,465888000
289,2023-02-21,20.639986038208008,21.47837494307493,20.603012278803643,20.984734562735145,410015000
290,2023-02-22,20.73891830444336,21.088664349505613,20.406160104132034,20.69195347974824,513184000
291,2023-02-23,23.646799087524414,23.87063720047098,23.008263613547186,23.422962880540098,1117995000
292,2023-02-24,23.269073486328125,23.456938466938215,22.930321098624606,23.20811890776845,589716000
293,2023-02-27,23.483917236328125,23.862641462200266,23.43695242089965,23.652795020145348,452994000
294,2023-02-28,23.199125289916992,23.807683803281677,23.189132329599882,23.355012040131793,455963000
295,2023-03-01,22.681503295898438,23.239098311761076,22.491640852152667,23.17514374367505,460026000
296,2023-03-02,23.297054290771484,23.36300630595759,22.415695369106043,22.471656329655104,389415000
297,2023-03-03,23.872634887695312,23.882627847887388,23.113187066758055,23.303049498482938,412393000
298,2023-03-06,23.53687858581543,24.230372429716503,23.469925948779917,23.873633501399002,437429000
299,2023-03-07,23.275026321411133,24.111559920502025,23.228051620676226,23.586852780173178,515154000
300,2023-03-08,24.16752815246582,24.18651857379535,23.410949919200295,23.47391454643522,513573000
301,2023-03-09,23.422945022583008,24.44037756116971,23.369973144963918,24.16153175209791,501257000
302,2023-03-10,22.95220375061035,23.61383553121253,22.713336604316986,23.39595659193955,474866000
303,2023-03-13,22.953203201293945,23.28501894656515,22.28457724174812,22.739323644509124,421890000
304,2023-03-14,24.049592971801758,24.205506193309173,23.44692829407391,23.482909441366974,474910000
305,2023-03-15,24.21450424194336,24.272470590560282,23.346987737691656,23.74776342720997,524486000
306,2023-03-16,25.526771545410156,25.57374434007057,23.880687818789845,24.013615051632073,583253000
307,2023-03-17,25.710668563842773,26.3842928539369,25.65369920620216,25.967525354447133,848547000
308,2023-03-20,25.88557243347168,26.009503910243733,25.116000892281868,25.600731340715974,432747000
309,2023-03-21,26.184404373168945,26.37729764905775,25.366861180788394,26.16541585752353,547408000
310,2023-03-22,26.45325469970703,27.573630463876558,26.222382493437223,26.41027748136722,797295000
311,2023-03-23,27.175851821899414,27.483680798717256,26.67513147905543,27.099893948153998,564889000
312,2023-03-24,26.764080047607422,27.151864370667408,26.34031648260236,27.015940460080916,454920000
313,2023-03-27,26.51622200012207,26.984960623326504,26.350314098430964,26.82205130984847,361026000
314,2023-03-28,26.395286560058594,26.49822981819258,25.83559907568031,26.4322666027337,356104000
315,2023-03-29,26.968963623046875,27.062911108489565,26.582180130791198,26.81005372847901,393694000
316,2023-03-30,27.36774253845215,27.48367903569429,27.086898964901582,27.213829013059495,364516000
317,2023-03-31,27.761526107788086,27.818493560580926,27.089899588484148,27.124879937793096,433933000
318,2023-04-03,27.949419021606445,27.984399368313966,27.320769768409424,27.493673714298545,398716000
319,2023-04-04,27.437702178955078,27.98439827258252,27.29178362232119,27.950416821029787,368592000
320,2023-04-05,26.866025924682617,26.982959420738567,26.380296599613906,26.81405484656238,515015000
321,2023-04-06,27.021936416625977,27.064911726248354,26.412275681078114,26.569187793433816,397654000
322,2023-04-10,27.563636779785156,27.605613199446584,26.65414387454868,26.808057413307253,395279000
323,2023-04-11,27.15386390686035,27.774518217664543,27.11088668926275,27.708555003624628,314378000
324,2023-04-12,26.480241775512695,27.45269933799147,26.433267072387615,27.354754355986497,446259000
325,2023-04-13,26.44825553894043,26.87201909472008,26.314331325282442,26.719104460353506,353615000
326,2023-04-14,26.743091583251953,26.86802194128863,26.205391215510087,26.4892333854769,395660000
327,2023-04-17,26.986957550048828,26.99095503182758,26.41827430530076,26.5502007354296,321471000
328,2023-04-18,27.651586532592773,28.094340530328527,27.341759767338345,27.517662312507838,604812000
329,2023-04-19,27.91543960571289,27.984401410335835,27.21682960812326,27.345757453436825,358660000
330,2023-04-20,27.08890151977539,28.01438627637925,26.984959362580753,27.655585102128896,427713000
331,2023-04-21,27.103893280029297,27.167858712632306,26.70711506298697,26.936986487688692,345103000
332,2023-04-24,27.026933670043945,27.350752562317236,26.656140078776733,26.997950498081295,339282000
333,2023-04-25,26.22637939453125,27.23181943338438,26.210389467742495,27.0629129642478,378527000
334,2023-04-26,26.940982818603516,27.314775020975155,26.69012319383404,26.986958626608246,406337000
335,2023-04-27,27.210832595825195,27.479683746081943,26.61016757255102,27.347757311997476,377161000
336,2023-04-28,27.733545303344727,27.742539162130488,27.05592152317149,27.209836985702484,292216000
337,2023-05-01,28.893896102905273,29.04181437919155,27.76452638585621,27.824492430280944,570329000
338,2023-05-02,28.19428253173828,28.819935127499164,28.0673543848906,28.664021902061748,402730000
339,2023-05-03,27.786510467529297,28.35119621775958,27.45669439964769,27.82448940299966,383387000
340,2023-05-04,27.546646118164062,27.843479644524994,27.22482499369932,27.635595333538035,321850000
341,2023-05-05,28.66402244567871,28.738979518802154,27.715551735994396,27.81049812446517,361494000
342,2023-05-08,29.13475799560547,29.203719797219943,28.334205573137417,28.506108723960846,344979000
343,2023-05-09,28.55508041381836,28.95685686090514,28.4341494471908,28.88289868580111,314869000
344,2023-05-10,28.86890983581543,29.096783468898458,28.445146238573628,28.988841922279864,369350000
345,2023-05-11,28.56207847595215,28.93387288392159,28.230264605515995,28.87990211299504,322149000
346,2023-05-12,28.32421112060547,28.763966517667072,28.030374291228554,28.513104999735347,274222000
347,2023-05-15,28.93686866760254,28.952860500862368,28.136316236466875,28.492116893352502,293926000
348,2023-05-16,29.19672393798828,29.85335939883609,28.81593759187139,28.824931449190075,449405000
349,2023-05-17,30.16118812561035,30.182176335560214,29.413605625028328,29.56751916466066,432535000
350,2023-05-18,31.660350799560547,31.810266849120413,30.30310757748379,30.393057588476907,748725000
351,2023-05-19,31.24658203125,31.56240596498741,30.89877633722098,31.51842985315769,473908000
352,2023-05-22,31.158632278442383,31.50244049695019,30.662908312939347,30.88378395738416,372000000
353,2023-05-23,30.670902252197266,31.27056835021741,30.61393480211975,30.98272869941918,356253000
354,2023-05-24,30.520984649658203,30.589946447577937,29.789392161714908,30.19316638608947,721419000
355,2023-05-25,37.95884323120117,39.45800767388324,36.61459122757311,38.501540027438196,1543911000
356,2023-05-26,38.9243049621582,39.148179210882226,37.52908267088945,37.86889343237657,714397000
357,2023-05-30,40.08865737915039,41.91463936570676,39.9267488671267,40.572388939857326,923401000
358,2023-05-31,37.812923431396484,40.27255101704391,37.80092907922199,39.466001365894826,1002580000
359,2023-06-01,39.74784469604492,40.027687488764876,38.318641040244415,38.46755629420693,635873000
360,2023-06-02,39.30508804321289,40.47743482437328,39.036236914033275,40.07465948380219,482731000
361,2023-06-05,39.14917755126953,39.54295523053457,38.68543536450873,38.88732248594207,396094000
362,2023-06-06,38.632469177246094,39.138187855408745,38.12675049908344,38.80837364686853,388729000
363,2023-06-07,37.4579963684082,39.481080170123946,37.33905087631554,38.89734549227656,511998000
364,2023-06-08,38.49252700805664,38.84636649595215,37.48798570433544,37.706884304111234,417772000
365,2023-06-09,38.752410888671875,39.692982044462646,38.54950387238983,39.019288045180616,427717000
366,2023-06-12,39.46408462524414,39.51206318216923,38.60047822652538,39.18221489289648,388701000
367,2023-06-13,41.003387451171875,41.082353987726115,39.721971419944914,40.16776821317406,613208000
368,2023-06-14,42.97748947143555,42.9804864628246,40.53359551230655,40.80547525022667,740465000
369,2023-06-15,42.63365173339844,43.26936481890203,42.127880745258615,42.58267617954838,568622000
370,2023-06-16,42.672630310058594,43.7011627413836,42.64164233222249,43.430285796206434,655709000
371,2023-06-20,43.788124084472656,43.970044535579625,42.654639680016224,42.97849400113233,451153000
372,2023-06-21,43.02546691894531,43.59521179490845,42.06090843877396,43.48126129452927,551603000
373,2023-06-22,43.0054817199707,43.40629695536315,42.214840218909664,42.233828792547676,417737000
374,2023-06-23,42.18985366821289,42.78957998354721,41.995941422414525,42.44473906806509,358140000
375,2023-06-26,40.613563537597656,42.74459612983443,40.081803433488034,42.44173221039152,594322000
376,2023-06-27,41.85700225830078,41.920972400878014,40.429652485248255,40.780491178627045,462175000
377,2023-06-28,41.09834289550781,41.826013191119394,40.49961568019185,40.64154953656363,582639000
378,2023-06-29,40.8034782409668,41.581125151511266,40.58157883716756,41.53914438933123,380514000
379,2023-06-30,42.282806396484375,42.53069498097374,41.48217110907092,41.66109075373004,501148000
380,2023-07-03,42.39375305175781,42.87853359022624,42.18285025842947,42.497705952656545,198209000
381,2023-07-05,42.29780197143555,43.15740858353938,42.065904973369825,42.11588152560186,323618000
382,2023-07-06,42.083900451660156,42.15986618749212,41.32724389814401,41.82501907665081,303582000
383,2023-07-07,42.48371124267578,43.19439095223051,42.160859766605185,42.302793621306286,355881000
384,2023-07-10,42.160858154296875,42.79157231209409,41.63009708925837,42.637642871540606,353908000
385,2023-07-11,42.38575744628906,42.73859791257789,42.04791337661904,42.46172317469902,298244000
386,2023-07-12,43.882083892822266,43.915069867693404,42.75759425911557,43.01347864099363,481277000
387,2023-07-13,45.95614242553711,46.13405926101677,44.47181552763813,44.49780470812353,478204000
388,2023-07-14,45.44837188720703,48.066183093973315,45.039557059326,46.56186486459347,772075000
389,2023-07-17,46.43992233276367,46.47490630311995,45.24146873901093,46.268003285850995,510488000
390,2023-07-18,47.472450256347656,47.874268285865774,45.7132504904212,46.679810792528166,569164000
391,2023-07-19,47.055641174316406,47.79630611668105,46.72079407647509,47.44246663237742,427502000
392,2023-07-20,45.49934768676758,47.0656380690938,45.0415553018344,46.485899389288534,537865000
393,2023-07-21,44.28889465332031,45.84519124605008,44.079989844844995,45.76722370710536,963769000
394,2023-07-24,44.591758728027344,45.088534882769345,44.020019651695705,44.71070421831162,382516000
395,2023-07-25,45.65827941894531,46.1620485923798,44.90262184582679,44.92061523614951,348081000
396,2023-07-26,45.43138122558594,46.032110332032616,44.60975551348785,46.0001233535435,364237000
397,2023-07-27,45.879180908203125,47.37350169629374,45.72924742424834,46.497899606155684,455976000
398,2023-07-28,46.728790283203125,47.00566503984784,46.359958211082045,46.64682675318364,331194000
399,2023-07-31,46.707794189453125,47.10861318935372,46.48489581525041,46.73278436948878,251055000
400,2023-08-01,46.48590087890625,46.87872414009039,46.006119100744684,46.43892131705065,237858000
401,2023-08-02,44.24891662597656,45.81920302566147,43.367316810622704,45.810208237505115,530142000
402,2023-08-03,44.49480438232422,45.09753146141585,43.780128602049395,43.780128602049395,324176000
403,2023-08-04,44.65972900390625,45.62129053158006,44.37286046636377,44.96459093054508,362666000
404,2023-08-07,45.39639663696289,45.5193419368028,44.54278395800057,45.09053569626203,322154000
405,2023-08-08,44.643741607666016,45.221478538813905,44.036015691879385,44.83265505253908,353843000
406,2023-08-09,42.53469467163086,44.291896510897445,42.11488323728883,44.253911737744474,586449000
407,2023-08-10,42.368770599365234,43.55423337804786,41.816020072112345,42.14087339406621,492705000
408,2023-08-11,40.83646774291992,41.998942220177064,40.62056611691793,41.732061226433224,533085000
409,2023-08-14,43.73314666748047,43.78012622716903,40.29271084835666,40.467630684466755,690286000
410,2023-08-15,43.92006301879883,45.24746343263432,43.690167827514635,44.5397844697039,676512000
411,2023-08-16,43.466270446777344,44.654730173438274,43.3863049125829,44.499801717144706,527451000
412,2023-08-17,43.32433319091797,44.0420058832226,42.981486518683695,43.950048576466585,452395000
413,2023-08-18,43.279354095458984,43.55822683605399,41.641097806148274,42.61565390241393,583768000
414,2023-08-21,46.94569396972656,47.043649088093474,44.20194021923786,44.4738161945168,692573000
415,2023-08-22,45.64727783203125,48.16513586552265,45.3124307503187,48.113157507806626,755293000
416,2023-08-23,47.09463119506836,47.178592729982434,45.18749564195723,45.84519814508454,779046000
417,2023-08-24,47.1416015625,50.24319445193808,47.137605573465706,50.193217898242985,1156044000
418,2023-08-25,45.99711990356445,47.78330776342591,45.00356765792976,46.990668336232886,925341000
419,2023-08-28,46.813751220703125,46.95868589539786,44.86763592891526,46.46091072736626,685192000
420,2023-08-29,48.76186752319336,49.058733661503915,46.36995165063556,46.64482841073173,701397000
421,2023-08-30,49.24164962768555,49.9043470351674,48.40302956736282,49.02174821811775,735206000
422,2023-08-31,49.332611083984375,49.72143456445516,48.935791812051576,49.35760126864915,528570000
423,2023-09-01,48.486995697021484,49.77741047898762,48.12016158480673,49.73942951511003,463830000
424,2023-09-05,48.525978088378906,48.8288420452936,47.83829045210358,48.20112475163887,382653000
425,2023-09-06,47.04352569580078,48.53097212060012,46.562705311896934,48.42301432909476,468670000
426,2023-09-07,46.22383117675781,46.326793571999545,45.13523483656175,45.50809743449282,433330000
427,2023-09-08,45.555076599121094,46.588693046226524,45.25418967954752,45.92494195463873,473069000
428,2023-09-11,45.16122055053711,46.14585148036762,44.295541087627576,46.130857662071364,473966000
429,2023-09-12,44.853336334228516,45.65603954125468,44.514461521168336,44.721385383298234,349256000
430,2023-09-13,45.468109130859375,45.91294356893701,44.48647155258025,44.5834356523234,398355000
431,2023-09-14,45.5640754699707,45.96992293868167,45.11424180797231,45.93293792882516,370097000
432,2023-09-15,43.88370132446289,45.58206797918656,43.791732616749904,45.32416435497426,506831000
433,2023-09-18,43.94967269897461,44.225571181756216,41.98440317548432,42.73212650169159,500271000
434,2023-09-19,43.50383758544922,43.949671091546065,42.98602840940491,43.81672106597158,373064000
435,2023-09-20,42.22331619262695,43.88669985783539,42.20732329224025,43.58381095041621,367108000
436,2023-09-21,41.001766204833984,42.08436420462982,40.96478119592239,41.567557906272185,450736000
437,2023-09-22,41.59454345703125,42.09935692892389,41.21568262993903,41.55655555974085,479236000
438,2023-09-25,42.20631790161133,42.52020045113186,41.16170405570359,41.57555175089589,419091000
439,2023-09-26,41.89543533325195,42.804098165845645,41.639529882171416,41.9854020636062,402282000
440,2023-09-27,42.452232360839844,42.856085518940894,41.613546949238824,42.314286918193886,444935000
441,2023-09-28,43.072998046875,43.42986390622625,42.099360753116,42.4442300318879,424663000
442,2023-09-29,43.48284912109375,44.12761008649057,43.29091906951936,43.81072644813263,397830000
443,2023-10-02,44.7653694152832,45.15822119722868,43.84471004180952,44.0136459937785,433298000
444,2023-10-03,43.50083541870117,45.113239102137314,43.22993616372472,44.7913562878214,470850000
445,2023-10-04,44.0246467590332,44.12661007343523,43.27592433375253,43.7257579993135,361821000
446,2023-10-05,44.67140197753906,44.88332503764383,43.87169987137855,44.033638451557934,393483000
447,2023-10-06,45.7450065612793,45.77199696146995,44.00965119259275,44.176588991341895,434436000
448,2023-10-09,45.25618362426758,45.58806104579634,44.35152097738503,44.82534394927442,409675000
449,2023-10-10,45.7809944152832,46.24182177038048,45.071258970878525,45.29317665886047,368582000
450,2023-10-11,46.78861999511719,46.84160171871978,46.032900190504705,46.17884588702422,378137000
451,2023-10-12,46.92756652832031,47.59132141422763,46.3127970458529,46.75962964777431,481325000
452,2023-10-13,45.44411849975586,47.098506577939204,45.2631859505656,46.94256245807882,474115000
453,2023-10-16,46.077884674072266,46.207833655356794,44.89532148876171,45.04626639383732,375099000
454,2023-10-17,43.92168426513672,44.73738315193545,42.46422548000373,43.98366151728547,812333000
455,2023-10-18,42.18033218383789,43.20295497748339,41.80947154933942,42.575185981795975,627294000
456,2023-10-19,42.08536911010742,43.28092416614882,41.866448658188794,42.79510456302502,501233000
457,2023-10-20,41.37162780761719,42.454225709560305,41.06274066398629,41.87443932058439,477266000
458,2023-10-23,42.95904541015625,43.231946691364044,40.929800201575475,41.21369517243649,478530000
459,2023-10-24,43.64678192138672,43.680769690492056,42.67514660989255,43.06100102394639,401463000
460,2023-10-25,41.76348114013672,43.63378838143873,41.53956531780791,43.38187926803847,398379000
461,2023-10-26,40.31102752685547,42.24031124000929,39.86519397688078,41.837460992365465,541001000
462,2023-10-27,40.484962463378906,41.19070160881771,40.00014193239622,41.11472961386122,416784000
463,2023-10-30,41.14571762084961,41.75049254735998,40.46596977662881,41.071747596041774,388028000
464,2023-10-31,40.764854431152344,40.86382050289445,39.21543081274733,40.434978965187184,517969000
465,2023-11-01,42.309288024902344,42.36526699140607,40.85382726924343,40.86882109051677,437593000
466,2023-11-02,43.489845275878906,43.86770326441367,42.87807302018601,43.31190996998518,409172000
467,2023-11-03,44.98828887939453,45.292173032715084,43.706763443369326,44.00365403986176,424610000
468,2023-11-06,45.7340087890625,45.91794237842164,44.882324008662465,45.26818224521419,400733000
469,2023-11-07,45.93793869018555,46.20083771282599,45.14123373244881,45.7020262562231,343165000
470,2023-11-08,46.556705474853516,46.84959593349214,45.95092771395189,46.0828786635961,346719000
471,2023-11-09,46.93256378173828,48.21208717627926,46.732637298021125,47.44937006233144,540496000
472,2023-11-10,48.317047119140625,48.45399727357031,47.26543970036673,47.48235815931679,421245000
473,2023-11-13,48.60194396972656,49.09776197733569,48.081137533797566,48.302056136923355,384136000
474,2023-11-14,49.63755798339844,49.81549328462336,49.021789425646965,49.661551145185484,416954000
475,2023-11-15,48.869850158691406,49.941450760944704,48.182105862527486,49.91646233050051,475497000
476,2023-11-16,49.46162796020508,49.50661323492199,48.312057235229624,48.66092667774055,339756000
477,2023-11-17,49.27969741821289,49.6985405744049,48.98880509199654,49.50561143654388,325205000
478,2023-11-20,50.39028549194336,50.52923382562735,49.16274076003669,49.293692643428805,414120000
479,2023-11-21,49.925453186035156,50.498238446028495,49.2037211838221,50.10738480588418,565747000
480,2023-11-22,48.69791030883789,50.31630862084328,47.67229030842092,49.833490074022954,899420000
481,2023-11-24,47.758262634277344,48.90283797462597,47.7272721000833,48.45200520901021,294645000
482,2023-11-27,48.224082946777344,48.5119741804014,47.63430192702206,47.782245768378836,395662000
483,2023-11-28,47.80324172973633,48.30505803666867,47.455371379985124,48.21808854259049,401491000
484,2023-11-29,48.122127532958984,48.74389826432213,47.842232702522104,48.36104103175138,382005000
485,2023-11-30,46.752628326416016,48.09213075271721,46.40475801374823,48.006160347360236,526247000
486,2023-12-01,46.74763488769531,47.18247473885878,46.169850391905165,46.507726138507806,369317000
487,2023-12-04,45.49309539794922,46.05988615006736,44.99328110355466,46.05988615006736,437543000
488,2023-12-05,46.55280303955078,46.58678998545578,45.25816811641427,45.453112539750435,371718000
489,2023-12-06,45.49009704589844,47.37356556674588,45.39912324342655,47.201613448546134,380590000
490,2023-12-07,46.58279037475586,46.61578196479854,45.591071034121136,45.687044488636715,350823000
491,2023-12-08,47.49253463745117,47.727468635368496,46.536804340424034,46.58179356796495,359224000
492,2023-12-11,46.61378479003906,47.517527924857966,45.817013589035405,47.47754215922328,509728000
493,2023-12-12,47.64349365234375,47.65248997256426,46.03295021122263,46.03295021122263,372387000
494,2023-12-13,48.074371337890625,48.58022843747808,47.59450784522985,47.61550180152845,447792000
495,2023-12-14,48.3362922668457,48.65620124848929,47.40855774552566,48.37628184295512,391232000
496,2023-12-15,48.87614440917969,49.38999868524406,48.10636216253151,48.180342503489584,479948000
497,2023-12-18,50.06280517578125,50.41870325962806,49.136069797992675,49.38599893467907,412587000
498,2023-12-19,49.58993911743164,49.685912576034035,48.881140459884094,49.40998983595613,464444000
499,2023-12-20,48.09735870361328,49.98482386963059,48.084361901480875,49.64091963761884,397894000
500,2023-12-21,48.97611618041992,49.08108596207473,48.40527506263609,48.79716606109675,300425000
501,2023-12-22,48.816162109375,49.36900296425664,48.45326221692039,49.18105652303888,252507000
502,2023-12-26,49.26502990722656,49.58593805712997,48.94612009204946,48.95411724457058,244200000
503,2023-12-27,49.40298843383789,49.66591435262688,49.07108183480036,49.49696355119108,233648000
504,2023-12-28,49.507965087890625,49.869862010873014,49.397995651127005,49.628932993777084,246587000
505,2023-12-29,49.507965087890625,49.982832763586586,48.737183676716924,49.798882986145436,389293000
506,2024-01-02,48.15434646606445,49.281025929370266,47.58151083051483,49.23004169676173,411254000
507,2024-01-03,47.555519104003906,48.17034267627387,47.30658912189055,47.47154327586198,320896000
508,2024-01-04,47.984397888183594,48.48625451702809,47.494535082082315,47.753460549538744,306535000
509,2024-01-05,49.08308029174805,49.53295347185659,48.29230418752573,48.44826200298403,415039000
510,2024-01-08,52.23818588256836,52.2601828190254,49.46497398392272,49.49796557499239,642510000
511,2024-01-09,53.12493896484375,54.30960449650358,51.67534914710015,52.38614999154251,773100000
512,2024-01-10,54.3345947265625,54.58452387215592,53.473838688120914,53.600805409377045,533796000
513,2024-01-11,54.806461334228516,55.33031490047268,53.544821777629075,54.983413122715525,596759000
514,2024-01-12,54.694488525390625,54.9544169497117,54.31459900309948,54.60451388829729,352994000
515,2024-01-16,56.36602020263672,56.81889092877514,54.88444178651728,55.0024083735072,449580000
516,2024-01-17,56.037113189697266,56.45499397545113,54.7244856339136,56.33102857407022,474394000
517,2024-01-18,57.090816497802734,57.58367683091034,56.09109985967154,57.24377302140108,491650000
518,2024-01-19,59.4741325378418,59.48312885707399,57.20877240473962,57.97255571257563,543501000
519,2024-01-22,59.63709259033203,60.31390267208267,59.053258469820804,60.03198109970271,452955000
520,2024-01-23,59.85603332519531,59.89302158867447,58.568396325749006,59.553117790794914,294654000
521,2024-01-24,61.3446044921875,62.83118246637887,59.921008384052676,60.28690575848776,560271000
522,2024-01-25,61.59953689575195,62.70122575329452,60.83275217618799,62.33232704147068,482777000
523,2024-01-26,61.013702392578125,61.765491995354566,60.555835817733005,60.942723367823895,390309000
524,2024-01-29,62.447296142578125,62.47128760142016,60.88973905781223,61.21464389448456,348733000
525,2024-01-30,62.75620651245117,63.475004499078025,62.24235225414493,62.88217406530116,410735000
526,2024-01-31,61.50956344604492,62.25135374014952,60.68279815652496,61.4225863021423,453795000
527,2024-02-01,63.00913619995117,63.17309118059886,61.63252759196923,62.08239699411671,369146000
528,2024-02-02,66.14125061035156,66.58112070584232,63.67194569783066,63.95586559465222,476578000
529,2024-02-05,69.3123550415039,69.47730920290685,67.1859588396486,68.20566645977358,680078000
530,2024-02-06,68.20366668701172,69.7342310660323,66.28121510060156,69.61026565572277,683111000
531,2024-02-07,70.0791244506836,70.20009234122578,67.58083242173012,68.29963033929545,495575000
532,2024-02-08,69.62125396728516,70.77392694243356,69.43530969256643,70.05412985913416,414422000
533,2024-02-09,72.11255645751953,72.16453604297054,70.19209573547877,70.5130038907635,436637000
534,2024-02-12,72.22752380371094,74.58985301987923,71.2298055691369,72.57942141236886,613710000
535,2024-02-13,72.10755920410156,73.42918318120587,69.60027429759032,70.38005204606957,602580000
536,2024-02-14,73.87906646728516,74.21496981774756,71.91762429392091,73.18126615558889,504917000
537,2024-02-15,72.63740539550781,73.95403349177265,72.37948290762509,73.84806835325377,420122000
538,2024-02-16,72.59241485595703,74.38090918024592,72.4804470935105,74.07899283769257,495327000
539,2024-02-20,69.43231201171875,71.93559986530343,67.71479679116719,71.92659973225437,704833000
540,2024-02-21,67.452880859375,68.86847997939597,66.22922867549799,67.98672612499482,690298000
541,2024-02-22,78.5157470703125,78.55273152131424,74.19896984840972,75.00374204443924,865100000
542,2024-02-23,78.7946548461914,82.37063653230604,77.54800675290157,80.7670950265876,829388000
543,2024-02-26,79.06958770751953,80.62314814859076,78.48274845329479,79.67740947783957,503973000
544,2024-02-27,78.6786880493164,79.45747419233632,77.1401304524677,79.35849560363468,391705000
545,2024-02-28,77.64098358154297,78.9106201646737,77.1031340976841,77.59799650479512,393110000
546,2024-02-29,79.0895767211914,79.96732622132019,78.32779165828474,79.07158408060953,507289000
547,2024-03-01,82.25567626953125,82.27667403889559,79.41248066903071,79.97732295310118,479135000
548,2024-03-04,85.21284484863281,87.67014847781654,83.69527728073402,84.10615629525756,615616000
549,2024-03-05,85.94366455078125,86.07663632751537,83.3972699001233,85.24982845264307,520639000
550,2024-03-06,88.67901611328125,89.70277597405403,87.00941296076404,88.00118270950952,582520000
551,2024-03-07,92.64707946777344,92.74505586042167,89.58080357117521,90.13667181489903,608119000
552,2024-03-08,87.5073013305664,97.37696845591753,86.48553983918421,95.11550233441162,1142269000
553,2024-03-11,85.75370788574219,88.77598763810909,84.14608663109752,86.40855169186541,678364000
554,2024-03-12,91.89126586914062,91.93825182530047,86.12962825022079,88.02818123787033,668075000
555,2024-03-13,90.86650085449219,91.48235245425685,88.41407818473327,91.03346116743805,635713000
556,2024-03-14,87.9231948852539,90.62455913756881,86.57951107256054,89.55581179224637,602318000
557,2024-03-15,87.81622314453125,89.5248185728374,86.23660263652593,86.90943998318495,642086000
558,2024-03-18,88.43407440185547,92.38313682655732,87.0643957820598,90.36661573398221,668976000
559,2024-03-19,89.37686157226562,90.52258665813423,84.98989876877435,86.67949392679418,672171000
560,2024-03-20,90.35062408447266,90.3886171092284,88.20213035729925,89.77575552459182,479063000
561,2024-03-21,91.41336822509766,92.6260863495621,90.38361309634699,92.27816909757175,480372000
562,2024-03-22,94.26669311523438,94.75557583351618,90.81250872192483,91.11943529384952,586719000
563,2024-03-25,94.97952270507812,96.74310530536229,93.48787892632636,93.91877671343534,552136000
564,2024-03-26,92.53910064697266,96.35220139167362,92.48011649573958,95.82832327516131,513648000
565,2024-03-27,90.22865295410156,93.21794358660645,89.10192062444933,93.08997551030853,586067000
566,2024-03-28,90.33462524414062,91.2784021447898,89.17189838767457,89.97870666416057,435212000
567,2024-04-01,90.34162139892578,92.20318040940828,89.18289900570285,90.27764117725565,452441000
568,2024-04-02,89.43083953857422,90.07268593569079,87.59927224925994,88.42707164960063,433064000
569,2024-04-03,88.94295501708984,90.3526251834598,88.37909305261387,88.46307281870986,370067000
570,2024-04-04,85.88467407226562,90.61255911907426,85.85967846162676,90.38460860825877,434965000
571,2024-04-05,87.9871826171875,88.46007028939938,85.9056744370297,86.84544686844104,399678000
572,2024-04-08,87.11238861083984,88.80898571750684,86.71148250630124,88.67901159229113,283220000
573,2024-04-09,85.33380126953125,87.61426743619066,83.00235992295175,87.42131230729075,503547000
574,2024-04-10,87.0184097290039,87.37932438444192,83.68919571165225,83.90614724164408,431929000
575,2024-04-11,90.59456634521484,90.7175383536998,86.90544422861728,87.39932306358762,431637000
576,2024-04-12,88.1651382446289,90.15367382456054,87.50929517888258,89.67778086066095,426805000
577,2024-04-15,85.98065185546875,90.59156018104089,85.90867029394323,89.07691923599808,443077000
578,2024-04-16,87.39432525634766,88.09715428207583,86.04364687363933,86.41255526417733,370453000
579,2024-04-17,84.01512145996094,88.75399786729442,83.93013485819698,88.31909559905036,495400000
580,2024-04-18,84.65097045898438,86.16961599181461,82.38250995062032,84.94990333698551,447260000
581,2024-04-19,76.18197631835938,84.30405561291292,75.58812265213056,83.13033728096731,875198000
582,2024-04-22,79.49919128417969,80.05406032863513,76.38193249215077,78.08552423870307,596341000
583,2024-04-23,82.40350341796875,82.74942225992656,80.24501744031475,80.74989526148802,438559000
584,2024-04-24,79.65814971923828,84.06210623959943,79.1642633085821,83.9301336886006,512208000
585,2024-04-25,82.61246490478516,83.30329577735385,78.20450323133004,78.84934736070875,424641000
586,2024-04-26,87.71424865722656,88.31010835661911,83.36727751648604,83.79817532800543,551011000
587,2024-04-29,87.73623657226562,87.97117394342716,85.24582111102696,87.57427234580402,388971000
588,2024-04-30,86.38156127929688,88.79798933377148,86.27958803217874,87.21936048020653,363709000
589,2024-05-01,83.02135467529297,85.97965427425616,81.23577409191292,85.05687611412145,559863000
590,2024-05-02,85.79669952392578,86.21659833345969,83.18031423689433,84.42901930882867,377898000
591,2024-05-03,88.76799774169922,89.25987812120627,87.01941093195316,87.76823429941243,398341000
592,2024-05-06,92.11820220947266,92.19818511482366,89.0339329305278,89.36885276564674,376203000
593,2024-05-07,90.53257751464844,91.75928460609057,88.98994329110344,91.0764475332469,437342000
594,2024-05-08,90.39060974121094,91.17242238961246,89.39884006964895,89.46182870211496,325721000
595,2024-05-09,88.72601318359375,91.05046027533749,88.21013637581568,90.50758942585304,378013000
596,2024-05-10,89.85673522949219,91.37937754567422,89.20588826518858,90.2836361635132,335325000
597,2024-05-13,90.37762451171875,90.97648188381773,88.50806398354068,90.45660058201008,289680000
598,2024-05-14,91.33439636230469,91.62932476175912,88.91296448661012,89.5778081239568,296507000
599,2024-05-15,94.60760498046875,94.83955234013227,91.57732397485312,92.45011849545092,417735000
600,2024-05-16,94.33667755126953,95.7963312267465,94.08073378370163,94.88754969662851,323952000
601,2024-05-17,92.45712280273438,94.71758960919352,91.7842854613637,94.3466827903293,359691000
602,2024-05-20,94.75758361816406,95.17748245890982,93.41790418504468,93.72782843022509,318764000
603,2024-05-21,95.36344146728516,95.3774380950692,93.1579619356149,93.5768615548364,328946000
604,2024-05-22,94.92753601074219,95.99728259132688,93.22694199175355,95.43641828893915,548648000
605,2024-05-23,103.77445220947266,106.29485201655153,101.495984300881,102.00386737865297,835065000
606,2024-05-24,106.44380950927734,106.44980479446325,102.97562856030105,104.42428320198454,429494000
607,2024-05-28,113.87405395507812,114.91181039578119,109.85700680266734,110.21792145728537,652728000
608,2024-05-29,114.79783630371094,115.46467834881875,110.87476851197954,113.02326226335153,557442000
609,2024-05-30,110.47386169433594,115.79160375156064,109.63706169681458,114.62288155498054,487350000
610,2024-05-31,109.60707092285156,112.69034107520358,106.9147071249594,112.49338144896966,613263000
611,2024-06-03,114.97279357910156,114.97279357910156,111.97650095452859,113.59412201632057,438392000
612,2024-06-04,116.40945434570312,116.5724178032169,114.01802186016376,115.68863184806835,403324000
613,2024-06-05,122.4110336303711,122.42002655832941,117.44020986348806,118.34299609528654,528402000
614,2024-06-06,120.9693832397461,125.55729475972261,118.29201522380818,124.01865729202218,664696000
615,2024-06-07,120.85940551757812,121.66321619288969,117.99408612904743,119.74166612613098,412386000
616,2024-06-10,121.76119232177734,123.07088000938666,116.98232421857804,120.34153004371032,314162700
617,2024-06-11,120.8913345336914,122.85103098419252,118.72166379544328,121.75119472729492,222551200
618,2024-06-12,125.18065643310547,126.86039721693841,122.55106545367255,123.04098762406083,299595000
619,2024-06-13,129.58999633789062,129.77996945393164,127.14037752718606,129.37002907262567,260704500
620,2024-06-14,131.85963439941406,132.81947757204395,128.30018672608327,129.93993279772215,309320400
621,2024-06-17,130.95977783203125,133.70935334573974,129.5600000367168,132.96947733525943,288504400
622,2024-06-18,135.55906677246094,136.30895096412834,130.66982245304678,131.11974991676064,294335100
623,2024-06-20,130.75979614257812,140.7382501800268,129.4999962772128,139.77840702253854,517768400
624,2024-06-21,126.55045318603516,130.60983137767926,124.28080710399776,127.10037129950182,655484700
625,2024-06-24,118.09175872802734,124.44077645602765,118.02176984453314,123.2209636623721,476060900
626,2024-06-25,126.07052612304688,126.48046647434953,119.30157487051866,121.18128182374238,425787500
627,2024-06-26,126.38047790527344,128.10020582805421,122.58106179827027,126.11051533740834,362975900
628,2024-06-27,123.9708480834961,126.3904801212093,122.90101364602651,124.08083170467471,252571700
629,2024-06-28,123.52091979980469,127.69027390029416,122.73104090223734,124.5607600841383,315516700
630,2024-07-01,124.28080749511719,124.8207173904901,118.81165100261742,123.4509338406254,284885500
631,2024-07-02,122.65105438232422,123.39094559729175,121.01130825589385,121.11129128736569,218374000
632,2024-07-03,128.26019287109375,128.26019287109375,121.34126312161995,121.64121985413111,215749000
633,2024-07-05,125.8105697631836,128.83010765300813,125.66059140220804,127.36032581802077,214176700
634,2024-07-08,128.18019104003906,130.7498013179992,127.02037421774143,127.47030164493479,237677300
635,2024-07-09,131.35972595214844,133.79935177124923,128.63013635188705,130.32988615651007,285366600
636,2024-07-10,134.88917541503906,135.0791485226844,132.39955434443974,134.0093063928642,248978600
637,2024-07-11,127.38032531738281,136.12896630123663,127.03038089854326,135.72903418154354,374782700
638,2024-07-12,129.2200469970703,131.89962580236968,127.20035467327595,128.240187353551,252680500
639,2024-07-15,128.420166015625,131.36970736285187,127.16035847561366,130.53983371826098,208326200
640,2024-07-16,126.34048461914062,129.02006337664668,124.56076075627588,128.42016519902992,214769500
641,2024-07-17,117.97177124023438,121.8311755731112,116.70197078117613,121.33125281111384,390086200
642,2024-07-18,121.07129669189453,122.38109957883393,116.54199746975429,121.8311814627659,320979500
643,2024-07-19,117.91178894042969,121.5812203691469,117.35187785957503,120.33141340065606,217223800
644,2024-07-22,123.52091979980469,124.0508367192346,119.84148788147658,120.33141006363795,258068900
645,2024-07-23,122.5710678100586,124.67074966179867,122.08114560448695,122.76104091410774,173911000
646,2024-07-24,114.23235321044922,119.9314697504062,113.42248076219641,119.15159144790852,327776900
647,2024-07-25,112.26265716552734,116.61198378362549,106.28358504662185,113.02254191964477,460067000
648,2024-07-26,113.04254150390625,116.18205608900622,111.5627742823544,116.172063125286,293399100
649,2024-07-29,111.57276153564453,116.2620396176345,111.28281303826613,113.67244329834918,248152100
650,2024-07-30,103.71398162841797,111.97270032897562,102.52416299011045,111.50277170281329,486833300
651,2024-07-31,117.00192260742188,118.32171842494118,110.8628715562712,112.88256383394263,473174200
652,2024-08-01,109.1931381225586,120.14145212596502,106.79350713357796,117.51185329033258,523462300
653,2024-08-02,107.25342559814453,108.70320617940068,101.35434313138848,103.74397331446949,482027500
654,2024-08-05,100.43448638916016,103.39403604617902,90.6759989303684,92.04578250558623,552842400
655,2024-08-06,104.23389434814453,107.69335889505676,100.53446901489241,103.82395402777368,409012100
656,2024-08-07,98.89472961425781,108.78320175369558,98.67476236695524,107.79334914083398,411440400
657,2024-08-08,104.95378875732422,105.4837056790837,97.50493482201372,101.98424624897191,391910000
658,2024-08-09,104.73382568359375,106.58353850176572,103.41402980827044,105.62368764955026,290844200
659,2024-08-12,109.00315856933594,111.05284499933998,106.24359034201233,106.30357863401878,325559900
660,2024-08-13,116.12206268310547,116.21205275014302,111.56276937230295,112.42263716382676,312646700
661,2024-08-14,118.061767578125,118.5816839218167,114.05238467793846,118.51169503654636,339246400
662,2024-08-15,122.84102630615234,123.22096487339543,117.45185933948571,118.74166102931171,318086700
663,2024-08-16,124.56076049804688,124.98069379843776,121.16128410108614,121.92116885528117,302589900
664,2024-08-19,129.97991943359375,129.97991943359375,123.40093398841385,124.26080175800107,318333600
665,2024-08-20,127.23035430908203,129.85995315446397,125.87056366455867,128.38017066195425,300087400
666,2024-08-21,128.48016357421875,129.3300384630808,126.6404512748557,127.3003454245953,257883600
667,2024-08-22,123.72088623046875,130.72980567240006,123.08098568867757,129.99992269264584,376189100
668,2024-08-23,129.3500213623047,129.57999683666532,125.200668193686,125.840568772239,323230300
669,2024-08-26,126.44046783447266,131.23972191640203,124.35079428830487,129.54999574566529,331964700
670,2024-08-27,128.2801971435547,129.18005210632066,123.86087366966548,125.03069885205142,303134600
671,2024-08-28,125.59060668945312,128.3101879476671,122.62106403071532,128.1002136583965,448101100
672,2024-08-29,117.57183837890625,124.41078612954578,116.69197701250701,121.34126049654891,453023300
673,2024-08-30,119.35157012939453,121.73119987357843,117.20190059777018,119.51154145619034,333751600
674,2024-09-03,107.98332214355469,116.19205340222969,107.27343270040431,115.99208733843557,477155100
675,2024-09-04,106.19359588623047,113.25250309042688,104.10392232985338,105.39372401610916,372470300
676,2024-09-05,107.19344329833984,109.63306894505409,104.74382468818037,104.97378489888229,306850700
677,2024-09-06,102.81411743164062,108.13329533322813,100.93440295773532,108.02331171493725,413638100
678,2024-09-09,106.45355224609375,106.53354171734688,103.67398295988235,104.86379392485524,273912000
679,2024-09-10,108.08330535888672,109.38310766040351,104.93379026537787,107.7933492261417,268283700
680,2024-09-11,116.8919448852539,117.17190041388517,107.40340528796008,109.3731022078221,441422400
681,2024-09-12,119.13179016113281,120.78167799522352,115.37204710427882,116.83194558890106,367100500
682,2024-09-13,119.09178924560547,119.95173057852946,117.59189263639415,119.07179398085154,238358300
683,2024-09-16,116.7719497680664,118.17185479944177,114.35211839645491,116.78195121490393,248772300
684,2024-09-17,115.58203125,118.79181676837955,114.82208911294721,118.16185529801122,231925900
685,2024-09-18,113.36219024658203,117.69188606173006,113.21219905753732,115.88201323283185,310318900
686,2024-09-19,117.86187744140625,119.65175496418426,117.24191743437973,117.34190901515986,293506400
687,2024-09-20,115.99200439453125,118.61182655052458,115.3820458300781,117.05192889000193,382462400
688,2024-09-23,116.25199127197266,116.98193669935195,114.85208621282331,116.54197220506472,206228500
689,2024-09-24,120.8616714477539,121.79160765008963,115.37204436838394,116.51196518042532,354966800
690,2024-09-25,123.50149536132812,124.93139717496075,121.6016246984159,122.01159249257597,284692900
691,2024-09-26,124.03145599365234,127.66120318223068,121.7916124398361,126.79126799764761,302582900
692,2024-09-27,121.39163970947266,124.02145581335269,119.25178771917992,123.96146238728417,271009200
693,2024-09-30,121.43163299560547,121.49162641926588,118.14185882154547,118.30184382759613,226553700
694,2024-10-01,116.99193572998047,122.43156321712523,115.7820200451603,121.76160359919284,302094500
695,2024-10-02,118.84181213378906,119.37177440698211,115.13206859256863,116.43198210063649,221845900
696,2024-10-03,122.84153747558594,124.3514356140466,120.33170820972309,120.91167009454495,277118000
697,2024-10-04,124.91139221191406,125.03138669129712,121.8216087492724,124.9313951062457,243678100
698,2024-10-07,127.7112045288086,130.63100158341018,124.94139103988898,124.98138920036052,346250200
699,2024-10-08,132.88084411621094,133.47079980711666,129.4110819564616,130.25102042396173,285722500
700,2024-10-09,132.64085388183594,134.51073540803478,131.37095237452456,134.100759996507,246191600
701,2024-10-10,134.8007049560547,134.99069430038207,130.9909700248152,131.9009109593636,242311300
702,2024-10-11,134.79071044921875,135.77063861955767,133.65078964681797,134.00075636449898,170209500
703,2024-10-14,138.0605010986328,139.59039453634375,136.29061869231955,136.46060515676092,232347700
704,2024-10-15,131.5909423828125,138.5604635568482,128.73113875001064,137.86049956193577,377831000
705,2024-10-16,135.7106475830078,136.61057945313823,131.57093351648052,133.97076200865325,264879700
706,2024-10-17,136.92056274414062,140.88029674498213,136.86056931738727,139.3304004369883,306435900
707,2024-10-18,137.99049377441406,138.89042567419548,137.27054215149374,138.66044579007144,176090200
708,2024-10-21,143.70010375976562,143.70010375976562,137.99049051839003,138.12048644265874,264554500
709,2024-10-22,143.58010864257812,144.4100533191971,141.7702357215276,142.90016279151004,226311600
710,2024-10-23,139.55038452148438,142.42018195043707,137.45053832630117,142.0202156059464,285930000
711,2024-10-24,140.40032958984375,141.34026726626666,138.45046699393333,140.81030500321762,172354900
712,2024-10-25,141.53024291992188,144.12007609663013,140.7903036617806,140.9202843311163,205122100
713,2024-10-28,140.51031494140625,143.13012940104122,140.0403461288819,142.9901396648257,173586700
714,2024-10-29,141.24026489257812,142.25018978946702,138.89042075410222,140.28032434344357,157593600
715,2024-10-30,139.3303985595703,140.32033586087627,136.80057404730425,139.5303817319662,179418100
716,2024-10-31,132.7508544921875,137.60052669144986,132.10090534528118,137.59053287269725,270039600
717,2024-11-01,135.3906707763672,137.30054292300855,134.56074135376818,134.69072202720864,207127800
718,2024-11-04,136.04063415527344,138.95043742397988,135.56067148198048,137.20055793532484,187528200
719,2024-11-05,139.90036010742188,140.36031985674174,137.32053610774523,137.44052295404828,160537400
720,2024-11-06,145.59996032714844,146.47990453076164,141.95021810961643,142.9501491563635,242043900
721,2024-11-07,148.8697509765625,148.91973532669053,146.15993091069282,146.37991697911346,207323300
722,2024-11-08,147.6198272705078,149.7596791286017,146.24991134304443,148.75974806860012,175665800
723,2024-11-11,145.24998474121094,148.83974895267767,143.56011401444013,148.66974724045087,182325600
724,2024-11-12,148.27976989746094,149.63967674683425,145.9999283055317,146.76987949246217,198634700
725,2024-11-13,146.25991821289062,149.31970476911368,145.88993335100844,149.0597281902193,191903300
726,2024-11-14,146.7498779296875,148.98972901300397,145.53996988270669,147.62982215130063,194463300
727,2024-11-15,141.97021484375,145.23000003001434,140.0703518362645,144.86001514374476,250132900
728,2024-11-18,140.1403350830078,141.54024775288784,137.14054183607018,139.49038598259963,221866000
729,2024-11-19,146.99986267089844,147.1198647758357,140.98028855106583,141.31026763860282,227834900
730,2024-11-20,145.87994384765625,147.54982691113315,142.72015799039747,147.39984335305397,309871700
731,2024-11-21,146.65989685058594,152.8794696932069,140.69030679019977,149.3397202101669,400946600
732,2024-11-22,141.94021606445312,147.1498637894418,141.0902837872634,145.91993755545448,236406200
733,2024-11-25,136.01063537597656,142.0402188161131,135.81065220328685,141.98022539008,344941900
734,2024-11-26,136.9105682373047,139.29040920481154,135.66065432709954,137.69051329665368,190287700
735,2024-11-27,135.33067321777344,137.21054859333148,131.79092378994943,135.00069411944222,226370900
736,2024-11-29,138.240478515625,139.34040886007423,136.04063308446467,136.77057853610563,141863200
737,2024-12-02,138.62045288085938,140.44031954365505,137.8105111334031,138.82043604874252,171682800
738,2024-12-03,140.25033569335938,140.5303151909217,137.9404972096011,138.25047342063522,164414000
739,2024-12-04,145.1300048828125,145.7799540199716,140.2803327562802,141.99022171712366,231224300
740,2024-12-05,145.05999755859375,146.5399932861328,143.9499969482422,145.11000061035156,172621200
741,2024-12-06,142.44000244140625,145.6999969482422,141.30999755859375,144.60000610351562,188505600
742,2024-12-09,138.80999755859375,139.9499969482422,137.1300048828125,138.97000122070312,189308600
743,2024-12-10,135.07000732421875,141.82000732421875,133.7899932861328,139.00999450683594,210020900
744,2024-12-11,139.30999755859375,140.1699981689453,135.2100067138672,137.36000061035156,184905200
745,2024-12-12,137.33999633789062,138.44000244140625,135.8000030517578,137.0800018310547,159211400
746,2024-12-13,134.25,139.60000610351562,132.5399932861328,138.94000244140625,231514900
747,2024-12-16,132.0,134.39999389648438,130.4199981689453,134.17999267578125,237951100
748,2024-12-17,130.38999938964844,131.58999633789062,126.86000061035156,129.08999633789062,259410300
749,2024-12-18,128.91000366210938,136.6999969482422,128.27999877929688,133.86000061035156,277444500
750,2024-12-19,130.67999267578125,134.02999877929688,129.5500030517578,131.75999450683594,209719200
751,2024-12-20,134.6999969482422,135.27999877929688,128.22000122070312,129.80999755859375,306528600
752,2024-12-23,139.6699981689453,139.7899932861328,135.1199951171875,136.27999877929688,176053500
753,2024-12-24,140.22000122070312,141.89999389648438,138.64999389648438,140.0,105157000
